{
    "root_group": {
        "path": "",
        "id": "d41d8cd98f00b204e9800998ecf8427e",
        "groups": {
            "setup": {
                "name": "setup",
                "path": "::setup",
                "id": "5c0f8025f7e0b6654089e5b00e950f1a",
                "groups": {},
                "checks": {
                        "login status 200": {
                            "passes": 20,
                            "fails": 1,
                            "name": "login status 200",
                            "path": "::setup::login status 200",
                            "id": "17a4a3f3d5dbad586fefc48e40f4a9ab"
                        }
                    }
            }
        },
        "checks": {},
        "name": ""
    },
    "metrics": {
        "http_req_connecting": {
            "p(95)": 0,
            "avg": 0.20586666666666667,
            "min": 0,
            "med": 0,
            "max": 4.3232,
            "p(90)": 0
        },
        "http_req_waiting": {
            "avg": 67.24708095238095,
            "min": 1.024,
            "med": 71.5,
            "max": 91.7739,
            "p(90)": 79.855,
            "p(95)": 83.7775
        },
        "http_req_receiving": {
            "p(90)": 0.511,
            "p(95)": 0.7738,
            "avg": 0.1811666666666667,
            "min": 0,
            "med": 0,
            "max": 1.0011
        },
        "http_req_sending": {
            "med": 0,
            "max": 0.5808,
            "p(90)": 0,
            "p(95)": 0,
            "avg": 0.027657142857142856,
            "min": 0
        },
        "checks": {
            "passes": 20,
            "fails": 1,
            "value": 0.9523809523809523
        },
        "online_receive_ok": {
            "passes": 0,
            "fails": 0,
            "thresholds": {
                "rate>0.99": false
            },
            "value": 0
        },
        "http_reqs": {
            "rate": 14.66668389420013,
            "count": 21
        },
        "data_sent": {
            "count": 3815,
            "rate": 2664.4475741130236
        },
        "http_req_blocked": {
            "min": 0,
            "med": 0,
            "max": 4.3232,
            "p(90)": 0,
            "p(95)": 0,
            "avg": 0.20586666666666667
        },
        "data_received": {
            "rate": 9456.519044165227,
            "count": 13540
        },
        "http_req_duration{expected_response:true}": {
            "avg": 70.7775,
            "min": 58.0207,
            "med": 71.8649,
            "max": 91.7739,
            "p(90)": 80.99428,
            "p(95)": 84.65811500000001
        },
        "online_send_ok": {
            "passes": 0,
            "fails": 0,
            "thresholds": {
                "rate>0.99": false
            },
            "value": 0
        },
        "vus": {
            "value": 0,
            "min": 0,
            "max": 0
        },
        "http_req_tls_handshaking": {
            "max": 0,
            "p(90)": 0,
            "p(95)": 0,
            "avg": 0,
            "min": 0,
            "med": 0
        },
        "http_req_duration": {
            "avg": 67.45590476190475,
            "min": 1.024,
            "med": 71.5296,
            "max": 91.7739,
            "p(90)": 80.6288,
            "p(95)": 84.2836
        },
        "vus_max": {
            "value": 15,
            "min": 15,
            "max": 15
        },
        "http_req_failed": {
            "fails": 20,
            "passes": 1,
            "value": 0.047619047619047616
        },
        "online_e2e_ms": {
            "avg": 0,
            "min": 0,
            "med": 0,
            "max": 0,
            "p(90)": 0,
            "p(95)": 0,
            "thresholds": {
                "p(95)<500": false
            }
        }
    }
}